编号,名称,位置,主数据,营地介绍,笔记1,笔记2,笔记3
C024,河桥古镇,杭州临安河桥古镇停车场附近，过桥到水边（作者路线）,验证版优先,"位于临安河桥古镇附近。验证版提供“河桥古镇停车场、过桥到水边”的到达线索，已有资料也指向古镇过桥后的溪滩。环境以溪水和石滩为主；溪滩游玩与可露营区域仍需结合现场管理区分。
来源介绍：柳溪江、石滩；有充电桩及镇区补给；水深随位置变化；笔记提及亲子玩水，但水流说法存在矛盾，暂不能确认适合儿童下水。；未提供分地点环境。",https://www.xiaohongshu.com/explore/68cd00fd000000000e024c8f,https://www.xiaohongshu.com/explore/68d3f23e000000000e033c72,https://www.xiaohongshu.com/explore/694fa7a8000000001f00c9db
C039,麻车头,麻车头村水边草坪，具体落点未确认,验证版优先,"麻车头。位置线索：麻车头村水边草坪，具体落点未确认。
来源介绍：水边、草坪；单篇负面经历：景观不及预期、泥泞、搬运困难；溪流；草坪；稻田；作者春季描述，固定最佳月份待核。",https://www.xiaohongshu.com/explore/6aa4b9d40000000026030cde,https://www.xiaohongshu.com/explore/69eb1c120000000020000803,https://www.xiaohongshu.com/explore/69edb788000000001a034ec5
C012,城北体育公园,城北体育公园西面草坪,验证版优先,"城北体育公园。位置线索：城北体育公园西面草坪。
来源介绍：亲子：草坪活动、树荫休息；草坪、树荫；作者描述9月6日带地垫、帐篷、捞鱼工具游玩；不等于园方许可；湖畔；草坪；树荫。",https://www.xiaohongshu.com/explore/6a9d09390000000011038556,https://www.xiaohongshu.com/explore/69e837d1000000001a02bf5f,https://www.xiaohongshu.com/explore/6a02fa8b0000000038023392
C020,小丁松葡萄园,小丁松葡萄园附近富春江草坪,已有资料,"小丁松葡萄园。位置线索：小丁松葡萄园附近富春江草坪。
来源介绍：江景、草坪、落日；亲子、飞盘、垂钓；注意防晒；2025年笔记，设施和当前规则未补齐；名称提及葡萄园，场地环境待核。",https://www.xiaohongshu.com/explore/694fa7a8000000001f00c9db,https://www.xiaohongshu.com/explore/69ef56810000000036031cac,https://www.xiaohongshu.com/explore/68f9a62a000000000303937f
C035,榉树林地面停车场,余杭径山榉树林停车场；停车场内与绿道外溪边需分开,验证版优先,"榉树林地面停车场。位置线索：余杭径山榉树林停车场；停车场内与绿道外溪边需分开。
来源介绍：树林、溪边；双溪绿道骑行线索；雨后泥泞，晴天入口扬尘；溪边营位需搬运，不建议车上绿道；名称提及树林，实际营位遮阴待核。",https://www.xiaohongshu.com/explore/6938d309000000001d03ca54,https://www.xiaohongshu.com/explore/69eb1c120000000020000803,https://www.xiaohongshu.com/explore/69f0d1aa0000000038020e8b
C068,桐庐田山,青竹名宿路之后左侧下坡口（保留原作者写法，未导航核验）,已有资料,"桐庐田山。位置线索：青竹名宿路之后左侧下坡口（保留原作者写法，未导航核验）。
来源介绍：河边、日落；作者称聚集处唱歌到23时，往里较安静；本篇车程从嘉兴出发，不写成杭州车程；草坪；水边；观鸟；亲子（作者体验）；无障碍不确定。",https://www.xiaohongshu.com/explore/69edb788000000001a034ec5,https://www.xiaohongshu.com/explore/68e09d60000000000501035e,https://www.xiaohongshu.com/explore/69674843000000001a03088c
C125,沧州村,沧州书苑附近河滩，精确营位待核,已有资料,"沧州村。位置线索：沧州书苑附近河滩，精确营位待核。
来源介绍：溪边、河滩；作者提醒防晒。",https://www.xiaohongshu.com/explore/69ef56810000000036031cac,https://www.xiaohongshu.com/explore/69ce37330000000021012a06,https://www.xiaohongshu.com/explore/69f22d59000000001b022a2e
C003,余杭南湖公园,南湖公园；通济路、堤坝外侧公厕线索,验证版优先,"余杭南湖公园。位置线索：南湖公园；通济路、堤坝外侧公厕线索。
来源介绍：亲子、婴儿车、宠物；湖景、草坪、芦苇、日落。",https://www.xiaohongshu.com/explore/6a9e63e7000000002802c4e5,https://www.xiaohongshu.com/explore/6a97a9770000000012000803,https://www.xiaohongshu.com/explore/6a200f650000000021021047
C004,阿里公园,思凯路与景兴路交叉口东南角；作者称现名滨水公园,验证版优先,"阿里公园。位置线索：思凯路与景兴路交叉口东南角；作者称现名滨水公园。
来源介绍：亲子；沙坑、简易游乐设施；草坪、滨水。",https://www.xiaohongshu.com/explore/6967299c000000001a028339,https://www.xiaohongshu.com/explore/6a97a9770000000012000803,https://www.xiaohongshu.com/explore/69e837d1000000001a02bf5f
C014,铜鉴湖公园,花海P1与昙山P5两片区域；需要进一步拆营位,验证版优先,"铜鉴湖公园。位置线索：花海P1与昙山P5两片区域；需要进一步拆营位。
来源介绍：亲子、观景；湖景、草坪、花海、日落。",https://hznews.hangzhou.com.cn/shehui/content/2024-12/09/content_8823286.htm,https://www.xiaohongshu.com/explore/69e837d1000000001a02bf5f,https://www.xiaohongshu.com/explore/69edb788000000001a034ec5
C124,桐洲岛,俞家轮渡、森野营地附近、岛西北角；需拆分子点,已有资料,"桐洲岛。位置线索：俞家轮渡、森野营地附近、岛西北角；需拆分子点。
来源介绍：江景、树林、草坪；作者称春油菜花、秋树林变色，非花期预测；亲子、摄影；环岛骑行线索。",https://www.xiaohongshu.com/explore/69ef56810000000036031cac,https://www.xiaohongshu.com/explore/69241541000000001902444c,https://www.xiaohongshu.com/explore/6a4a6818000000000702e0dd
C010,青年林,下沙青年林,验证版优先,"青年林。位置线索：下沙青年林。
来源介绍：亲子、朋友野餐；树林、草坪、江景；作者称可点外卖；需防蚊。日期为2025年，非现行确认；草地、可烧烤、适合亲子；水杉林遮阴、全天阴凉无需天幕、可挂吊床、池塘小鱼小虾、钱塘江景、场地大不用抢位置、可外卖、拍照出片。",https://www.xiaohongshu.com/explore/691d3c1e000000000d03ebb0,https://www.xiaohongshu.com/explore/69e837d1000000001a02bf5f,https://www.xiaohongshu.com/explore/6a0164ae000000003502689c
C041,盼云,桐庐县瑶琳镇盼云轻奢营地；作者称海拔650米,已有资料,"盼云。位置线索：桐庐县瑶琳镇盼云轻奢营地；作者称海拔650米。
来源介绍：山顶、草坪、云海、日出、星空；亲子、情侣、朋友、小团建；作者回复：水泥盘山路；难打车，可另收费联系送车。",https://www.xiaohongshu.com/explore/69552e9c0000000022022f80,https://www.xiaohongshu.com/explore/69b575880000000020038c1e,
C042,浮云岭,浮云岭3-1号营位，小卖部旁,已有资料,"浮云岭。位置线索：浮云岭3-1号营位，小卖部旁。
来源介绍：山景、日出、日落；冰柜、制冰机、早餐体验；冰柜未分区、小卖部有声音。节假日套餐不等于常年服务。",https://www.xiaohongshu.com/explore/69552e9c0000000022022f80,https://www.xiaohongshu.com/explore/69f9ab050000000022024167,
C045,雾松谷,雾松谷A1，图示约180㎡、标准6成人,已有资料,"雾松谷。位置线索：雾松谷A1，图示约180㎡、标准6成人。
来源介绍：山景、林间；本轮仅核对相册第3/11张A1页；未读全部营位规则，不外推到其他营位。",https://www.xiaohongshu.com/explore/69552e9c0000000022022f80,https://www.xiaohongshu.com/explore/67b19f1c000000001800e410,
C049,千岛湖山有岛,分ABCDE区域；作者称C2安静、DE坡陡,已有资料,"千岛湖山有岛。位置线索：分ABCDE区域；作者称C2安静、DE坡陡。
来源介绍：作者称A区有制冰机、冷藏及售卖机。",https://www.xiaohongshu.com/explore/69552e9c0000000022022f80,https://www.xiaohongshu.com/explore/68e2172a0000000004022bbb,
C054,鹿鸣大地,富阳区大地村桃源坞水库旁,已有资料,"鹿鸣大地。位置线索：富阳区大地村桃源坞水库旁。
来源介绍：水库、森林、草坪、稻田、竹林、溪水；账号称有5公里徒步古道；亲子、团建；宠物需牵绳，拎包帐篷内不允许宠物；装备租赁；原文10:00—22:00营业时间不等于入住时段，需预约。",https://www.xiaohongshu.com/explore/69552e9c0000000022022f80,https://www.xiaohongshu.com/explore/67b9c798000000001203f012,
C057,西溪源谷,西溪源谷露营基地，完整地址待核,验证版优先,"西溪源谷。位置线索：西溪源谷露营基地，完整地址待核。
来源介绍：山谷、岩壁流水、草坪、树林；亲子、朋友；账号介绍天幕、茶座、小木屋、露天泳池、小羊互动；卫浴与过夜未说明。",https://www.xiaohongshu.com/explore/6a20fcc7000000000803f875,https://www.xiaohongshu.com/explore/6a200f650000000021021047,
C073,渣河墩,余杭,已有资料,"渣河墩。位置线索：余杭区渣河墩，南岸区域。
来源介绍：溪流；草坡；局部遮阴；作者提及带娃玩水；不等于安全确认。",https://www.xiaohongshu.com/explore/69f0d1aa0000000038020e8b,https://www.xiaohongshu.com/explore/6a7d805e000000003300b5f2,
C077,桐庐洪石,桐庐,已有资料,"桐庐洪石。位置线索：合集仅写杭州桐庐洪石。
来源介绍：未提供分地点环境。",https://www.xiaohongshu.com/explore/69faba8c0000000037035169,https://www.xiaohongshu.com/explore/68416cbf000000000303801a,
C079,桐青坞,临安,已有资料,"桐青坞。位置线索：合集明确杭州临安桐青坞（火焰山营地）。
来源介绍：未提供分地点环境。",https://www.xiaohongshu.com/explore/69faba8c0000000037035169,https://www.xiaohongshu.com/explore/68416cbf000000000303801a,
C080,安顶村观景台,安顶山游客中心/安顶村观景台；两落点需分开,已有资料,"安顶村观景台。位置线索：安顶山游客中心/安顶村观景台；两落点需分开。
来源介绍：山顶、云海、日出、星空；古道徒步、骑行线索；家庭、新手；夜冷、周末嘈杂、营位近；正文未提供精确路程。",https://www.xiaohongshu.com/explore/6aa62008000000002803baa2,https://www.xiaohongshu.com/explore/68fb9bcd0000000003037735,
C129,城坑坞,富阳,已有资料,"城坑坞。位置线索：视频说明明确杭州富阳城坑坞。
来源介绍：水边；水库（话题线索）。",https://www.xiaohongshu.com/explore/69ef56810000000036031cac,https://www.xiaohongshu.com/explore/682889d7000000002001eec2,
C143,有风营地,杭州（区县待核实）,验证版优先,"有风营地。位置线索：作者在评论区回复名称，正文仅称杭州。
来源介绍：牧场；动物互动；亲子拍照（作者体验）；ins风建筑、树懒互动、小鹿羊驼、王源MV拍摄地、咖啡、草坪风景。",https://www.xiaohongshu.com/explore/68db5f5700000000040215d1,https://www.xiaohongshu.com/explore/68db614c000000000301b5a7,
C144,白象湾湿地（白象湾桥附近）,淳安（据千岛湖路线，具体行政位置待核）,已有资料,"白象湾湿地（白象湾桥附近）。位置线索：导航白象湾桥，具体营位边界未给出。
来源介绍：湖畔；湿地；水杉林；花海；野餐（作者描述）；作者4月笔记描述紫云英花海，年份未显示。",https://www.xiaohongshu.com/explore/69ebf3b8000000001a02c153,,
C145,前塘村湖边,淳安（据千岛湖路线，具体村名匹配待核）,已有资料,"前塘村湖边。位置线索：千岛湖路线中的前塘村水边。
来源介绍：湖畔；日落；亲子（作者描述，涉水适用性未确认）。",https://www.xiaohongshu.com/explore/69ebf3b8000000001a02c153,,
C146,富山村村委前花海区域,淳安（据千岛湖路线，入口待核）,已有资料,"富山村村委前花海区域。位置线索：作者称富山村村委正前方。
来源介绍：作者4月笔记描述紫云英花海，年份未显示。",https://www.xiaohongshu.com/explore/69ebf3b8000000001a02c153,,
C147,田立方共享农场,临平乔司,已有资料,"田立方共享农场。位置线索：临平乔司田立方；官方资料佐证项目位于乔司街道。
来源介绍：田园；花田；麦田；亲子采摘/野餐（作者描述）；作者2025年4月描述油菜花和麦田；不能推定每年固定花期。",https://www.xiaohongshu.com/explore/6811e5ff000000000d01505b,,
C148,黄弹村石梯山庄附近溪潭,富阳,已有资料,"黄弹村石梯山庄附近溪潭。位置线索：石梯山庄为导航参照，作者称还需继续沿山路行驶。
来源介绍：溪流；山谷；竹林；遮阴；作者夏日体验，非正式最佳季节。",https://www.xiaohongshu.com/explore/689548f1000000002302204d,,
C149,泥舍村山顶,富阳,已有资料,"泥舍村山顶。位置线索：导航富阳泥舍村；具体进山路线在视频中未核验。
来源介绍：山顶；木平台；碎石地；观星。",https://www.xiaohongshu.com/explore/68261921000000002100f209,,
C150,牵牛岗露营点,临安/淳安边界（具体营位归属待核）,验证版优先,"牵牛岗露营点。位置线索：合集称杭州临安牵牛岗；其他公开资料存在淳安侧称呼。
来源介绍：山地（具体营位待核）；日出、山顶露营、云海、星空、山顶；海拔1400m+、银河观星、日出云海、360度视野、气象台门口及路边可露营，适合新手观星。",https://www.xiaohongshu.com/explore/68416cbf000000000303801a,https://www.xiaohongshu.com/explore/6a4544580000000008032792,
C151,路隐那森·中苕溪营地,余杭,已有资料,"路隐那森·中苕溪营地。位置线索：作者明确余杭路隐那森·中苕溪营地。
来源介绍：竹林；具体营位待核；亲子/带狗（作者体验）；作者描述秋日体验；不推定固定最佳月份。",https://www.xiaohongshu.com/explore/693139d300000000190279a8,,
C152,康门水库周边,余杭良渚,验证版优先,"位于余杭良渚，相关介绍围绕康门水库的环湖游览与山野景观展开。具体露营落点尚未核清，环湖游览范围不等于可搭帐区域。
来源介绍：水库；环湖步道；水杉；山脊；竹林；作者给出约4至5km环线，未经轨迹核验；环湖亲子/徒步（作者描述）；山脊陡台阶不应一概视作老人友好；未提供可核验最佳月份。",https://www.xiaohongshu.com/explore/6aa2b92c000000002502cec4,https://www.xiaohongshu.com/explore/6a9d6d67000000002902ee9a,
C005,运河亚运公园,具体区域待核实,验证版优先,运河亚运公园。位置线索：杭州拱墅区。,https://www.xiaohongshu.com/explore/6a97a9770000000012000803,https://www.xiaohongshu.com/explore/6a02fa8b0000000038023392,
C008,乌龟潭,具体区域待核实,已有资料,乌龟潭。位置线索：杭州西湖区·西湖边。,https://www.xiaohongshu.com/explore/6a97a9770000000012000803,https://www.xiaohongshu.com/explore/6a02fa8b0000000038023392,https://hznews.hangzhou.com.cn/shehui/content/2026-05/21/content_9226467.htm
C021,长川绿道,具体区域待核实,验证版优先,长川绿道。位置线索：杭州富阳。,https://www.xiaohongshu.com/explore/694fa7a8000000001f00c9db,https://www.xiaohongshu.com/explore/69edb788000000001a034ec5,
C023,潘堰村,具体区域待核实,验证版优先,潘堰村。位置线索：杭州富阳·潘堰村。,https://www.xiaohongshu.com/explore/69f1f63b000000003601b2ee,https://www.xiaohongshu.com/explore/694fa7a8000000001f00c9db,
C038,杨家村,具体区域待核实,验证版优先,杨家村。位置线索：杭州余杭·杨家村。,https://www.xiaohongshu.com/explore/69eb1c120000000020000803,https://www.xiaohongshu.com/explore/69f0d1aa0000000038020e8b,
C138,富阳双喜村,具体区域待核实,验证版优先,富阳双喜村。位置线索：杭州富阳·壶源溪。,https://www.xiaohongshu.com/explore/6a124b2800000000060344d9,https://www.xiaohongshu.com/explore/69f4aa37000000001b02162f,https://www.xiaohongshu.com/explore/68e09d60000000000501035e
C001,进贤村,具体区域待核实,验证版优先,进贤村。位置线索：杭州余杭·径山进贤村。,https://www.xiaohongshu.com/explore/6a97a9770000000012000803,,
C002,下溪村,具体区域待核实,验证版优先,下溪村。位置线索：杭州余杭·下溪村。,https://www.xiaohongshu.com/explore/6a97a9770000000012000803,,
C006,东湖公园,具体区域待核实,验证版优先,东湖公园。位置线索：杭州。,https://www.xiaohongshu.com/explore/69d35f4a000000001a029472,https://www.xiaohongshu.com/explore/6a97a9770000000012000803,
C007,光明寺水库,具体区域待核实,验证版优先,光明寺水库。位置线索：杭州西湖区·龙坞。,https://www.xiaohongshu.com/explore/6a97a9770000000012000803,,
C009,西溪湿地,具体区域待核实,已有资料,西溪湿地。位置线索：杭州西湖区。,https://www.xiaohongshu.com/explore/6a97a9770000000012000803,,
C011,富阳之江北公园,具体区域待核实,验证版优先,富阳之江北公园。位置线索：杭州富阳。,https://www.xiaohongshu.com/explore/69e837d1000000001a02bf5f,,
C013,白马湖公园,具体区域待核实,验证版优先,白马湖公园。位置线索：杭州滨江区。,https://www.xiaohongshu.com/explore/6aa8ddca00000000120377ee,https://www.xiaohongshu.com/explore/69e837d1000000001a02bf5f,
C015,滨江工业遗址公园及之江绿道廊架,具体区域待核实,验证版优先,滨江工业遗址公园及之江绿道廊架。位置线索：杭州滨江区。,https://www.xiaohongshu.com/explore/694fa7a8000000001f00c9db,,
C016,青山湖太阳湾旅游驿站,具体区域待核实,验证版优先,"位于临安青山湖。验证版以湖景、草坪和树林为主要特色，相关笔记分别介绍湖畔露营、花海和游览机位。景区游览范围不等同于太阳湾驿站的可搭帐区域。
来源介绍：可桨板、湖景、大草坪。",https://www.xiaohongshu.com/explore/6a1e8f840000000022016297,https://www.xiaohongshu.com/explore/69c4d0f2000000001b001a86,https://www.xiaohongshu.com/explore/69afae260000000006031664
C017,余杭苕溪落塘埠,具体区域待核实,验证版优先,余杭苕溪落塘埠。位置线索：杭州余杭·苕溪。,https://www.xiaohongshu.com/explore/694fa7a8000000001f00c9db,,
C018,越秀风之谷公园,具体区域待核实,验证版优先,越秀风之谷公园。位置线索：杭州临平区。,https://www.xiaohongshu.com/explore/694fa7a8000000001f00c9db,,
C019,萧山中科粮油育种实验基地,具体区域待核实,验证版优先,萧山中科粮油育种实验基地。位置线索：杭州萧山。,https://www.xiaohongshu.com/explore/694fa7a8000000001f00c9db,,
C022,余杭自由大草坪露营地,具体区域待核实,验证版优先,余杭自由大草坪露营地。位置线索：杭州余杭。,https://www.xiaohongshu.com/explore/694fa7a8000000001f00c9db,,
C025,乌象坝及乌象大桥,具体区域待核实,验证版优先,乌象坝及乌象大桥。位置线索：杭州临安。,https://www.xiaohongshu.com/explore/694fa7a8000000001f00c9db,,
C027,观新村及杭州汐遇民宿,具体区域待核实,验证版优先,观新村及杭州汐遇民宿。位置线索：杭州临安·观新村。,https://www.xiaohongshu.com/explore/694fa7a8000000001f00c9db,,
C028,宣王桥,杭州临安大鱼线宣王桥桥下溪边（入口待核）,验证版优先,"位于临安大鱼线宣王桥附近，验证版将活动位置指向桥下溪边。相关笔记围绕露营、玩水与溯溪展开，选择营位时仍需确认实际入口和当日管理要求。
来源介绍：溪水、可烧烤、可钓鱼、可玩水、可溯溪、可带宠物；溪水、可烧烤、可玩水、可溯溪。",https://www.xiaohongshu.com/explore/6a7160920000000028008598,https://www.xiaohongshu.com/explore/6a18f8d2000000003502a178,https://www.xiaohongshu.com/explore/694fa7a8000000001f00c9db
C029,桐庐上店村,具体区域待核实,验证版优先,桐庐上店村。位置线索：杭州桐庐·上店村。,https://www.xiaohongshu.com/explore/694fa7a8000000001f00c9db,,
C030,山田大桥,具体区域待核实,验证版优先,山田大桥。位置线索：杭州临安。,https://www.xiaohongshu.com/explore/694fa7a8000000001f00c9db,,
C031,洪潭大桥,具体区域待核实,验证版优先,洪潭大桥。位置线索：杭州临安。,https://www.xiaohongshu.com/explore/694fa7a8000000001f00c9db,,
C033,北湖草荡,具体区域待核实,验证版优先,北湖草荡。位置线索：杭州余杭·北湖草荡。,https://www.xiaohongshu.com/explore/69eb1c120000000020000803,,
C034,张堰村杉树林,具体区域待核实,验证版优先,张堰村杉树林。位置线索：杭州余杭·张堰村。,https://www.xiaohongshu.com/explore/69eb1c120000000020000803,,
C036,溪塔村古樟树,具体区域待核实,验证版优先,溪塔村古樟树。位置线索：杭州余杭·溪塔村。,https://www.xiaohongshu.com/explore/69eb1c120000000020000803,,
C037,余杭吴山公园,具体区域待核实,验证版优先,余杭吴山公园。位置线索：杭州余杭。,https://www.xiaohongshu.com/explore/69eb1c120000000020000803,,
C058,皋亭山考拉营地,具体区域待核实,验证版优先,皋亭山考拉营地。位置线索：杭州拱墅区·皋亭山。,https://www.xiaohongshu.com/explore/6a200f650000000021021047,,
C059,富阳云海营地,具体区域待核实,验证版优先,富阳云海营地。位置线索：杭州富阳。,https://www.xiaohongshu.com/explore/6a200f650000000021021047,,
C060,小古城苕溪营地,具体区域待核实,验证版优先,位于余杭小古城一带，新增依据为“春晓小古城苕溪营地正式开营”笔记。查看原文时请核对具体营地入口与可使用区域。,https://www.xiaohongshu.com/explore/6aa895980000000026009728,https://www.xiaohongshu.com/explore/6a200f650000000021021047,
C061,安顶山云雾茶镇停车场,具体区域待核实,已有资料,安顶山云雾茶镇停车场。位置线索：具体区域待核实。,https://www.xiaohongshu.com/explore/69f1f63b000000003601b2ee,,
C062,北支江公园,具体区域待核实,验证版优先,北支江公园。位置线索：杭州富阳·富春江边。,https://www.xiaohongshu.com/explore/69f1f63b000000003601b2ee,,
C063,富阳湘溪村,具体区域待核实,验证版优先,富阳湘溪村。位置线索：杭州富阳·湘溪村。,https://www.xiaohongshu.com/explore/69f1f63b000000003601b2ee,,
C064,湘湖渔村停车场,具体区域待核实,已有资料,湘湖渔村停车场。位置线索：具体区域待核实。,https://www.xiaohongshu.com/explore/69f1f63b000000003601b2ee,,
C065,寺坞岭望江阁,具体区域待核实,验证版优先,寺坞岭望江阁。位置线索：杭州萧山·寺坞岭。,https://www.xiaohongshu.com/explore/69f1f63b000000003601b2ee,https://www.xiaohongshu.com/explore/69e2e07c000000001a02ae49,
C066,青山村茅草园生态农庄停车点,具体区域待核实,已有资料,青山村茅草园生态农庄停车点。位置线索：具体区域待核实。,https://www.xiaohongshu.com/explore/69f1f63b000000003601b2ee,,
C067,富阳七一村,具体区域待核实,已有资料,富阳七一村。位置线索：具体区域待核实。,https://www.xiaohongshu.com/explore/69edb788000000001a034ec5,,
C069,富阳小李线,具体区域待核实,已有资料,富阳小李线。位置线索：具体区域待核实。,https://www.xiaohongshu.com/explore/69edb788000000001a034ec5,,
C071,富阳祥多葡萄园,具体区域待核实,已有资料,富阳祥多葡萄园。位置线索：具体区域待核实。,https://www.xiaohongshu.com/explore/69edb788000000001a034ec5,,
C072,间余水居民宿旁河道,具体区域待核实,已有资料,间余水居民宿旁河道。位置线索：具体区域待核实。,https://www.xiaohongshu.com/explore/69edb788000000001a034ec5,,
C074,北塘河三益线4号停车场,具体区域待核实,已有资料,北塘河三益线4号停车场。位置线索：具体区域待核实。,https://www.xiaohongshu.com/explore/69faba8c0000000037035169,,
C075,南阳美女坝,具体区域待核实,已有资料,南阳美女坝。位置线索：具体区域待核实。,https://www.xiaohongshu.com/explore/69faba8c0000000037035169,,
C076,桐庐大源溪蕾蕾草莓园附近,具体区域待核实,已有资料,桐庐大源溪蕾蕾草莓园附近。位置线索：具体区域待核实。,https://www.xiaohongshu.com/explore/69faba8c0000000037035169,,
C078,盛联村,具体区域待核实,已有资料,盛联村。位置线索：具体区域待核实。,https://www.xiaohongshu.com/explore/69faba8c0000000037035169,,
C081,安顶山游客中心,具体区域待核实,已有资料,安顶山游客中心。位置线索：具体区域待核实。,https://www.xiaohongshu.com/explore/6aa62008000000002803baa2,,
C082,紫金园,具体区域待核实,已有资料,紫金园。位置线索：具体区域待核实。,https://www.xiaohongshu.com/explore/6a02fa8b0000000038023392,,
C083,孤山公园,具体区域待核实,验证版优先,"孤山公园。位置线索：报道核对孤山公园陈英士像附近草坪、鲁迅像附近及白堤孤山后山路口提示牌。具体可搭区域以现场划线为准。
来源介绍：2026-05-21现场指引：帐篷占地不超过210×210cm，不摆桌椅，不用拉绳、地钉或外伸支架；恶劣天气、养护或活动可临时关闭。；大草坪；夜西湖景色、免费露营、需自带帐篷睡袋、禁止绳绑树和地钉、东边找树遮阳位置。",https://www.xiaohongshu.com/explore/6947e562000000001e0066aa,https://www.xiaohongshu.com/explore/6a02fa8b0000000038023392,https://hznews.hangzhou.com.cn/shehui/content/2026-05/21/content_9226467.htm
C084,九溪公园,具体区域待核实,已有资料,九溪公园。位置线索：具体区域待核实。,https://www.xiaohongshu.com/explore/6a02fa8b0000000038023392,,
C085,柳浪闻莺,具体区域待核实,已有资料,柳浪闻莺。位置线索：具体区域待核实。,https://www.xiaohongshu.com/explore/6a02fa8b0000000038023392,https://hznews.hangzhou.com.cn/shehui/content/2026-05/21/content_9226467.htm,
C086,双流公园,具体区域待核实,已有资料,双流公园。位置线索：具体区域待核实。,https://www.xiaohongshu.com/explore/6a02fa8b0000000038023392,,
C087,紫霞公园,具体区域待核实,已有资料,紫霞公园。位置线索：具体区域待核实。,https://www.xiaohongshu.com/explore/6a02fa8b0000000038023392,,
C088,嘉绿苑小游园,具体区域待核实,已有资料,嘉绿苑小游园。位置线索：具体区域待核实。,https://www.xiaohongshu.com/explore/6a02fa8b0000000038023392,,
C089,象山海塘遗址公园,具体区域待核实,已有资料,象山海塘遗址公园。位置线索：具体区域待核实。,https://www.xiaohongshu.com/explore/6a02fa8b0000000038023392,,
C090,桃源中央公园,具体区域待核实,已有资料,桃源中央公园。位置线索：具体区域待核实。,https://www.xiaohongshu.com/explore/6a02fa8b0000000038023392,,
C091,城东公园,具体区域待核实,已有资料,城东公园。位置线索：具体区域待核实。,https://www.xiaohongshu.com/explore/6a02fa8b0000000038023392,,
C092,紫荆公园,具体区域待核实,已有资料,紫荆公园。位置线索：具体区域待核实。,https://www.xiaohongshu.com/explore/6a02fa8b0000000038023392,,
C093,大关公园,具体区域待核实,已有资料,大关公园。位置线索：具体区域待核实。,https://www.xiaohongshu.com/explore/6a02fa8b0000000038023392,,
C094,东湖路市民公园,具体区域待核实,已有资料,东湖路市民公园。位置线索：具体区域待核实。,https://www.xiaohongshu.com/explore/6a02fa8b0000000038023392,,
C095,桃花湖公园,具体区域待核实,已有资料,桃花湖公园。位置线索：具体区域待核实。,https://www.xiaohongshu.com/explore/6a02fa8b0000000038023392,,
C096,运河文体公园,具体区域待核实,已有资料,运河文体公园。位置线索：具体区域待核实。,https://www.xiaohongshu.com/explore/6a02fa8b0000000038023392,,
C097,丁兰长睦绕城绿地,具体区域待核实,已有资料,丁兰长睦绕城绿地。位置线索：具体区域待核实。,https://www.xiaohongshu.com/explore/6a02fa8b0000000038023392,,
C098,皋亭千桃园,具体区域待核实,已有资料,皋亭千桃园。位置线索：具体区域待核实。,https://www.xiaohongshu.com/explore/6a02fa8b0000000038023392,,
C099,江一公园,具体区域待核实,已有资料,江一公园。位置线索：具体区域待核实。,https://www.xiaohongshu.com/explore/6a02fa8b0000000038023392,,
C100,北塘河爱心公园,具体区域待核实,已有资料,北塘河爱心公园。位置线索：具体区域待核实。,https://www.xiaohongshu.com/explore/6a02fa8b0000000038023392,,
C101,智慧新天地沿江公园,具体区域待核实,已有资料,智慧新天地沿江公园。位置线索：具体区域待核实。,https://www.xiaohongshu.com/explore/6a02fa8b0000000038023392,,
C102,沿江景观带公园,具体区域待核实,已有资料,沿江景观带公园。位置线索：具体区域待核实。,https://www.xiaohongshu.com/explore/6a02fa8b0000000038023392,,
C103,六和公园,具体区域待核实,已有资料,六和公园。位置线索：具体区域待核实。,https://www.xiaohongshu.com/explore/6a02fa8b0000000038023392,,
C104,湘湖,具体区域待核实,验证版优先,"湘湖。位置线索：杭州萧山·湘湖。
来源介绍：湖景、大草坪、适合亲子、日落、可徒步。",https://www.xiaohongshu.com/explore/6aa39f1f000000000d02594c,https://www.xiaohongshu.com/explore/6a02fa8b0000000038023392,
C105,市北西公园,具体区域待核实,已有资料,市北西公园。位置线索：具体区域待核实。,https://www.xiaohongshu.com/explore/6a02fa8b0000000038023392,,
C106,城河公园,具体区域待核实,已有资料,城河公园。位置线索：具体区域待核实。,https://www.xiaohongshu.com/explore/6a02fa8b0000000038023392,,
C107,江南公园,具体区域待核实,已有资料,江南公园。位置线索：具体区域待核实。,https://www.xiaohongshu.com/explore/6a02fa8b0000000038023392,,
C108,山水见公园,具体区域待核实,已有资料,山水见公园。位置线索：具体区域待核实。,https://www.xiaohongshu.com/explore/6a02fa8b0000000038023392,,
C109,玉湖,具体区域待核实,已有资料,玉湖。位置线索：具体区域待核实。,https://www.xiaohongshu.com/explore/6a02fa8b0000000038023392,,
C110,羊山公园,具体区域待核实,已有资料,羊山公园。位置线索：具体区域待核实。,https://www.xiaohongshu.com/explore/6a02fa8b0000000038023392,,
C111,金沙湖公园,具体区域待核实,已有资料,金沙湖公园。位置线索：具体区域待核实。,https://www.xiaohongshu.com/explore/6a02fa8b0000000038023392,,
C112,高教西公园,具体区域待核实,已有资料,高教西公园。位置线索：具体区域待核实。,https://www.xiaohongshu.com/explore/6a02fa8b0000000038023392,,
C113,钱江直河公园,具体区域待核实,已有资料,钱江直河公园。位置线索：具体区域待核实。,https://www.xiaohongshu.com/explore/6a02fa8b0000000038023392,,
C114,沿江景观东公园,具体区域待核实,已有资料,沿江景观东公园。位置线索：具体区域待核实。,https://www.xiaohongshu.com/explore/6a02fa8b0000000038023392,,
C115,龙安湖公园,具体区域待核实,已有资料,龙安湖公园。位置线索：具体区域待核实。,https://www.xiaohongshu.com/explore/6a02fa8b0000000038023392,,
C116,临平公园,具体区域待核实,已有资料,临平公园。位置线索：具体区域待核实。,https://www.xiaohongshu.com/explore/6a02fa8b0000000038023392,,
C117,水汀东湖公园,具体区域待核实,已有资料,水汀东湖公园。位置线索：具体区域待核实。,https://www.xiaohongshu.com/explore/6a02fa8b0000000038023392,,
C118,吴越文化公园,具体区域待核实,已有资料,吴越文化公园。位置线索：具体区域待核实。,https://www.xiaohongshu.com/explore/6a02fa8b0000000038023392,,
C119,玲珑山公园,具体区域待核实,已有资料,玲珑山公园。位置线索：具体区域待核实。,https://www.xiaohongshu.com/explore/6a02fa8b0000000038023392,,
C120,苕溪锦绣公园,具体区域待核实,已有资料,苕溪锦绣公园。位置线索：具体区域待核实。,https://www.xiaohongshu.com/explore/6a02fa8b0000000038023392,,
C121,东吴文化公园,具体区域待核实,已有资料,东吴文化公园。位置线索：具体区域待核实。,https://www.xiaohongshu.com/explore/6a02fa8b0000000038023392,,
C122,西大道景观二期公园,具体区域待核实,已有资料,西大道景观二期公园。位置线索：具体区域待核实。,https://www.xiaohongshu.com/explore/6a02fa8b0000000038023392,,
C123,富阳儿童公园,具体区域待核实,已有资料,富阳儿童公园。位置线索：具体区域待核实。,https://www.xiaohongshu.com/explore/6a02fa8b0000000038023392,,
C126,仰天坪,具体区域待核实,已有资料,仰天坪。位置线索：具体区域待核实。,https://www.xiaohongshu.com/explore/69ef56810000000036031cac,,
C127,沙坞水库附近,具体区域待核实,已有资料,沙坞水库附近。位置线索：具体区域待核实。,https://www.xiaohongshu.com/explore/69ef56810000000036031cac,,
C128,徐家坞村,具体区域待核实,已有资料,徐家坞村。位置线索：具体区域待核实。,https://www.xiaohongshu.com/explore/69ef56810000000036031cac,,
C130,安禾村古城桥,具体区域待核实,已有资料,安禾村古城桥。位置线索：具体区域待核实。,https://www.xiaohongshu.com/explore/69ce37330000000021012a06,,
C131,富阳回龙村,具体区域待核实,已有资料,富阳回龙村。位置线索：具体区域待核实。,https://www.xiaohongshu.com/explore/69ce37330000000021012a06,,
C132,蝴蝶谷,具体区域待核实,已有资料,蝴蝶谷。位置线索：具体区域待核实。,https://www.xiaohongshu.com/explore/69241541000000001902444c,,
C133,风之谷蓝色森林,具体区域待核实,已有资料,风之谷蓝色森林。位置线索：具体区域待核实。,https://www.xiaohongshu.com/explore/69241541000000001902444c,,
C135,余杭皮山坞,具体区域待核实,已有资料,余杭皮山坞。位置线索：具体区域待核实。,https://www.xiaohongshu.com/explore/68e09d60000000000501035e,,
C136,桐庐高家村,具体区域待核实,已有资料,桐庐高家村。位置线索：具体区域待核实。,https://www.xiaohongshu.com/explore/68e09d60000000000501035e,,
C137,桐庐高明村,具体区域待核实,已有资料,桐庐高明村。位置线索：具体区域待核实。,https://www.xiaohongshu.com/explore/68e09d60000000000501035e,,
C139,清凉峰马啸小学附近,具体区域待核实,已有资料,清凉峰马啸小学附近。位置线索：具体区域待核实。,https://www.xiaohongshu.com/explore/68e09d60000000000501035e,,
C140,树石村,具体区域待核实,已有资料,树石村。位置线索：具体区域待核实。,https://www.xiaohongshu.com/explore/69f22d59000000001b022a2e,,
C141,窈口村,具体区域待核实,已有资料,窈口村。位置线索：具体区域待核实。,https://www.xiaohongshu.com/explore/69f22d59000000001b022a2e,,
C142,同心坝,具体区域待核实,已有资料,同心坝。位置线索：具体区域待核实。,https://www.xiaohongshu.com/explore/69f22d59000000001b022a2e,,
C040,万石坞,万石坞露营公园B5青竹；作者称CD区有溪流,已有资料,"万石坞。位置线索：万石坞露营公园B5青竹；作者称CD区有溪流。
来源介绍：山林、溪流；作者称5条轻徒步路线；体验观景台线及瀑布线，瀑布线陡坡；新手、亲子；公用厨房、冷藏、设备租赁、餐厅咖啡；帐篷隔音弱、有虫。",https://www.xiaohongshu.com/explore/69552e9c0000000022022f80,https://www.xiaohongshu.com/explore/69ed5576000000002003895f,
C026,安吉天荒坪,具体区域待核实,验证版优先,安吉天荒坪。位置线索：安吉·天荒坪。,https://www.xiaohongshu.com/explore/694fa7a8000000001f00c9db,,
C032,安吉湿地,具体区域待核实,验证版优先,安吉湿地。位置线索：安吉。,https://www.xiaohongshu.com/explore/694fa7a8000000001f00c9db,,
C043,诸暨养心谷,具体区域待核实,已有资料,诸暨养心谷。位置线索：具体区域待核实。,https://www.xiaohongshu.com/explore/69552e9c0000000022022f80,,
C044,安吉谷野,具体区域待核实,已有资料,安吉谷野。位置线索：具体区域待核实。,https://www.xiaohongshu.com/explore/69552e9c0000000022022f80,,
C046,安吉大聋谷,具体区域待核实,已有资料,安吉大聋谷。位置线索：具体区域待核实。,https://www.xiaohongshu.com/explore/69552e9c0000000022022f80,,
C047,安吉山风渔火,具体区域待核实,已有资料,安吉山风渔火。位置线索：具体区域待核实。,https://www.xiaohongshu.com/explore/69552e9c0000000022022f80,,
C048,安吉小野松屿,具体区域待核实,已有资料,安吉小野松屿。位置线索：具体区域待核实。,https://www.xiaohongshu.com/explore/69552e9c0000000022022f80,,
C050,妙西白鹭谷,具体区域待核实,已有资料,妙西白鹭谷。位置线索：具体区域待核实。,https://www.xiaohongshu.com/explore/69552e9c0000000022022f80,,
C051,宜兴谷石后,具体区域待核实,已有资料,宜兴谷石后。位置线索：具体区域待核实。,https://www.xiaohongshu.com/explore/69552e9c0000000022022f80,,
C052,无锡之田,具体区域待核实,已有资料,无锡之田。位置线索：具体区域待核实。,https://www.xiaohongshu.com/explore/69552e9c0000000022022f80,,
C053,宣城小土村,具体区域待核实,已有资料,宣城小土村。位置线索：具体区域待核实。,https://www.xiaohongshu.com/explore/69552e9c0000000022022f80,,
C055,安吉茶花岭,具体区域待核实,已有资料,安吉茶花岭。位置线索：具体区域待核实。,https://www.xiaohongshu.com/explore/69552e9c0000000022022f80,,
C056,长兴泗安里,具体区域待核实,已有资料,长兴泗安里。位置线索：具体区域待核实。,https://www.xiaohongshu.com/explore/69552e9c0000000022022f80,,
C070,绍兴夏履莲庄,具体区域待核实,已有资料,绍兴夏履莲庄。位置线索：具体区域待核实。,https://www.xiaohongshu.com/explore/69edb788000000001a034ec5,,
C134,湖州和塔里,具体区域待核实,已有资料,湖州和塔里。位置线索：具体区域待核实。,https://www.xiaohongshu.com/explore/68e09d60000000000501035e,,
C153,安吉古城国家考古遗址公园,湖州安吉（杭州自驾1h）,验证版优先,"安吉古城国家考古遗址公园。位置线索：湖州安吉（杭州自驾1h）。
来源介绍：大草坪、草地、星空、可带宠物、日落。",https://www.xiaohongshu.com/explore/6a8442b20000000029032c42,,
C154,沿江景观10号桥水杉林,杭州钱塘区·钱塘江边,验证版优先,"沿江景观10号桥水杉林。位置线索：杭州钱塘区·钱塘江边。
来源介绍：大草坪、草地、可钓鱼、日落、可徒步。",https://www.xiaohongshu.com/explore/6a3293a2000000000803f492,https://www.xiaohongshu.com/explore/69eb5c7d000000002202b4ea,
C155,杭钢公园,杭州拱墅区·杭钢公园,验证版优先,"杭钢公园。位置线索：杭州拱墅区·杭钢公园。
来源介绍：大草坪。",https://www.xiaohongshu.com/explore/6a8817170000000016026c02,,
C156,星空农庄（径山双溪）,杭州余杭·径山双溪,验证版优先,"星空农庄（径山双溪）。位置线索：杭州余杭·径山双溪。
来源介绍：溪流、星空、可玩水、可溯溪、可漂流。",https://www.xiaohongshu.com/explore/6902d7260000000003011c99,https://www.xiaohongshu.com/explore/688e179e0000000003031713,
C157,建德之江山风农场,杭州市建德市下涯镇之江村，导航山风农场（入口待核）,验证版优先,"位于建德市下涯镇之江村，验证版建议按“山风农场”查找地点。资料以草坪、乡村休闲和亲子活动为主，并提供山风农场及建德两日游笔记作为参考。
来源介绍：可带宠物；大草坪、草地、可烧烤、适合亲子、日落。",https://www.xiaohongshu.com/explore/6a3155390000000007012706,https://www.xiaohongshu.com/explore/69ce8a300000000021004fe0,https://www.xiaohongshu.com/explore/69d9ecbe0000000023013bef
C158,青山村露营地,杭州余杭·黄湖镇青山村,验证版优先,"青山村露营地。位置线索：杭州余杭·黄湖镇青山村。
来源介绍：星空、水库、可烧烤、适合亲子、可带宠物、可徒步。",https://www.xiaohongshu.com/explore/68d7855700000000130062f6,https://www.xiaohongshu.com/explore/6aa130f70000000012002d7e,
C159,观潮城江边营地,杭州萧山·观潮城,验证版优先,"观潮城江边营地。位置线索：杭州萧山·观潮城。
来源介绍：草地。",https://www.xiaohongshu.com/explore/69f4afb00000000038022bc3,https://www.xiaohongshu.com/explore/69368b92000000000d034dd3,https://www.xiaohongshu.com/explore/69ae37350000000015038122
C160,花屿溪营地,安吉（杭州自驾1h）,验证版优先,"花屿溪营地。位置线索：安吉（杭州自驾1h）。
来源介绍：溪水、大草坪、森林、可玩水、可溯溪、可漂流。",https://www.xiaohongshu.com/explore/6a6b132b0000000025016340,,
C162,大朗山,杭州（自驾半小时）,验证版优先,"大朗山。位置线索：杭州（自驾半小时）。
来源介绍：山顶、日出、云海。",https://www.xiaohongshu.com/explore/6a89643a00000000290265f9,,
C163,枫岭村大草坪,杭州余杭·枫岭村,验证版优先,"枫岭村大草坪。位置线索：杭州余杭·枫岭村。
来源介绍：大草坪、适合亲子。",https://www.xiaohongshu.com/explore/691dcb24000000001f0048a8,,
C171,清凉药谷（浙西小天池）,杭州临安,验证版优先,"清凉药谷（浙西小天池）。位置线索：杭州临安。
来源介绍：湖景、山顶、星空、可溯溪、可桨板。",https://www.xiaohongshu.com/explore/6a64d927000000000301fbbe,,
C172,曲院风荷,杭州西湖区曲院风荷3号门附近（验证版位置线索）,验证版优先,"验证版将游览位置记为曲院风荷3号门，介绍以湖景和拍照为主。已有笔记提到西湖边露营体验，具体可搭帐区域与过夜安排需再确认。
来源介绍：湖景；湖景、日出。",https://www.xiaohongshu.com/explore/6476e53c0000000011012dc7,https://www.xiaohongshu.com/explore/681f4cb9000000002101b56c,https://www.xiaohongshu.com/explore/6947e562000000001e0066aa
C173,入坑艺术公园,杭州,验证版优先,"入坑艺术公园。位置线索：杭州。
来源介绍：溪流、湖景、大草坪、可钓鱼、可路亚、可玩水、可溯溪、适合亲子。",https://www.xiaohongshu.com/explore/691f2949000000000d03cacb,,
C174,进贤村绅士溪水露营地,杭州余杭·径山进贤村,验证版优先,"进贤村绅士溪水露营地。位置线索：杭州余杭·径山进贤村。
来源介绍：溪水、可玩水、适合亲子。",https://www.xiaohongshu.com/explore/6a032d0a000000000702afc7,,
C175,遐也空间,杭州萧山·戴村,验证版优先,"遐也空间。位置线索：杭州萧山·戴村。
来源介绍：山顶、日出、可烧烤、适合亲子、日落。",https://www.xiaohongshu.com/explore/69243716000000001b0231cc,,
C179,东纪坞水库,杭州萧山·东纪坞,验证版优先,"东纪坞水库。位置线索：杭州萧山·东纪坞。
来源介绍：大草坪、水库、可烧烤、可钓鱼。",https://www.xiaohongshu.com/explore/69d5f06a00000000220005c7,,
C180,富阳龙鳞坝（梅州驿站）,杭州富阳·龙鳞坝,验证版优先,"富阳龙鳞坝（梅州驿站）。位置线索：杭州富阳·龙鳞坝。
来源介绍：溪水、溪流、可烧烤、可玩水、可溯溪。",https://www.xiaohongshu.com/explore/6a093429000000000702753d,,
C181,钱岸公园七堡艺文公园,杭州上城区·钱塘江边,验证版优先,"钱岸公园七堡艺文公园。位置线索：杭州上城区·钱塘江边。
来源介绍：大草坪、可烧烤、可钓鱼。",https://www.xiaohongshu.com/explore/69eb5c7d000000002202b4ea,,
C182,安顶山茶山,杭州富阳·安顶山,验证版优先,"安顶山茶山。位置线索：杭州富阳·安顶山。
来源介绍：草地、山顶、星空、日出、可带宠物、日落、云海、可徒步。",https://www.xiaohongshu.com/explore/69f1f63b000000003601b2ee,https://www.xiaohongshu.com/explore/68fb9bcd0000000003037735,
C183,田间有座岛露营地,杭州余杭·瓶窑,验证版优先,"田间有座岛露营地。位置线索：杭州余杭·瓶窑。
来源介绍：可烧烤。",https://www.xiaohongshu.com/explore/68a93552000000001c037589,,
C186,湘湖湘农路露营地,杭州萧山·湘湖,验证版优先,湘湖湘农路露营地。位置线索：杭州萧山·湘湖。,https://www.xiaohongshu.com/explore/684be8710000000022036d21,https://www.xiaohongshu.com/explore/6a65e12f000000001302d3eb,https://www.xiaohongshu.com/explore/6922ac31000000001e039a85
C189,江畔森野露营地,海宁·周王庙镇,验证版优先,江畔森野露营地。位置线索：海宁·周王庙镇。,https://www.xiaohongshu.com/explore/69cbafa9000000001b021a75,,
C190,幸福翼公园,杭州萧山,验证版优先,幸福翼公园。位置线索：杭州萧山。,https://www.xiaohongshu.com/explore/69368b92000000000d034dd3,,
C191,安吉外古庵,安吉·外古庵,验证版优先,安吉外古庵。位置线索：安吉·外古庵。,https://www.xiaohongshu.com/explore/69bbdc4f000000002301edcf,,
C192,翠羊湾·休闲露营农庄,杭州余杭,验证版优先,"翠羊湾·休闲露营农庄。位置线索：杭州余杭。
来源介绍：可烧烤、可玩水、可溯溪。",https://www.xiaohongshu.com/explore/6902d7260000000003011c99,https://www.xiaohongshu.com/explore/6a141ec4000000003601cc29,
C193,太子尖星空营地,杭州临安·太子尖,验证版优先,"太子尖星空营地。位置线索：杭州临安·太子尖。
来源介绍：日出、可徒步、日落、大草坪、云海、星空、山顶。",https://www.xiaohongshu.com/explore/6aa2338b000000002a025077,,
C194,沐心岛,杭州萧山·湘湖沐心岛,验证版优先,"沐心岛。位置线索：杭州萧山·湘湖沐心岛。
来源介绍：大草坪、草地、可烧烤；可烧烤；临湖独院房车、秋千河景平台、沙坑滑梯蹦床、手工活动捞小鱼、露天电影、跨湖桥博物馆。",https://www.xiaohongshu.com/explore/6a23ca43000000003501cf19,https://www.xiaohongshu.com/explore/6aa0b669000000002901582c,
C195,在山野·亚运村露营基地,杭州萧山·亚运村,验证版优先,"在山野·亚运村露营基地。位置线索：杭州萧山·亚运村。
来源介绍：森林。",https://www.xiaohongshu.com/explore/68d731b100000000120227cf,,
C196,新安江白沙奇雾驻车点,杭州建德·新安江,验证版优先,建德新安江沿线的驻车地点，相关笔记介绍白沙奇雾景观及晨雾、桨板、露营行程。晨雾与江景是相关游记的主要看点，驻车入口仍需核实。,https://www.xiaohongshu.com/explore/6a35d108000000001c02479e,https://www.xiaohongshu.com/explore/6a1d1a39000000003700c044,
C197,千岛湖阳光路989停车场,杭州淳安·千岛湖,验证版优先,"千岛湖阳光路989停车场。位置线索：杭州淳安·千岛湖。
来源介绍：湖景、大草坪。",https://www.xiaohongshu.com/explore/6a1e5ebe0000000008002301,,
C198,听潮音乐营地-木栖,杭州萧山,验证版优先,"听潮音乐营地-木栖。位置线索：杭州萧山；杭州萧山（市区出发30min）。
来源介绍：可烧烤、可溯溪；溯溪捞鱼、皮划艇、水枪大战、天幕露营、池塘垂钓、桌游狼人杀、麻将、桑葚采摘、篝火烟花。",https://www.xiaohongshu.com/explore/6a0fec5e000000000702f633,,
C199,贝莱特庄园,杭州余杭·径山,验证版优先,"贝莱特庄园。位置线索：杭州余杭·径山。
来源介绍：大草坪、星空、可烧烤。",https://www.xiaohongshu.com/explore/67f637a1000000001c01d513,https://www.xiaohongshu.com/explore/68ee10730000000007020812,
C200,建德新安江绿道驿站,杭州建德·新安江,验证版优先,"建德新安江绿道驿站。位置线索：杭州建德·新安江。
来源介绍：大草坪。",https://www.xiaohongshu.com/explore/69fad2c20000000035027f3c,,
C207,山屿露营·大清谷店,杭州西湖区·大清谷,验证版优先,"山屿露营·大清谷店。位置线索：杭州西湖区·大清谷。
来源介绍：大草坪、可烧烤。",https://www.xiaohongshu.com/explore/69f5d54400000000370370bc,,
C208,建德李家镇塘底石窟水库,杭州建德·李家镇塘底,验证版优先,"建德李家镇塘底石窟水库。位置线索：杭州建德·李家镇塘底；杭州建德李家镇塘底。
来源介绍：水库、日落；石窟景观、水库金鱼群、冷门人少、夕阳金色水面、拍照出片、附近无商店需自带食物。",https://www.xiaohongshu.com/explore/69b78d440000000023005860,,
C209,石门村猷戏谷（大鱼线）,杭州临安·大鱼线石门村,验证版优先,"石门村猷戏谷（大鱼线）。位置线索：杭州临安·大鱼线石门村；杭州临安大鱼线石门村猷戏谷停车场。
来源介绍：溪水、可玩水、可溯溪；玻璃质感山泉水、浅滩踩水、深潭玩水、龙鳞坝、新手溯溪零难度、树荫下露营。",https://www.xiaohongshu.com/explore/6a3fee5c0000000015024f97,,
C213,北塘河草坪,杭州萧山·北塘河,验证版优先,"位于萧山北塘河一带，以河边草坪为主要环境。相关笔记介绍草坪露营和亲子骑行体验，具体活动区域与停车点请结合原文确认。
来源介绍：大草坪、可烧烤。",https://www.xiaohongshu.com/explore/692aba80000000001b026f1a,https://www.xiaohongshu.com/explore/69ded4e200000000220019f5,
C214,日回山,杭州周边,验证版优先,"日回山。位置线索：杭州周边。
来源介绍：大草坪。",https://www.xiaohongshu.com/explore/6aa78b6c000000001203d5b5,,
C215,龙尾巴山塘水库,杭州,验证版优先,"龙尾巴山塘水库。位置线索：杭州。
来源介绍：大草坪、水库、可徒步。",https://www.xiaohongshu.com/explore/69bcd7130000000021010f1d,,
C216,建德之江村（车中泊点）,建德之江村,验证版优先,位于建德之江村，资料以车中泊和新安江沿线休闲为主。验证版记载沿江道路较窄、沿途有停车点，并关联了自驾路线及建德露营体验笔记；具体驻车位置需以对应原文为准。,https://www.xiaohongshu.com/explore/69d9ecbe0000000023013bef,https://www.xiaohongshu.com/explore/69fad2c20000000035027f3c,https://www.xiaohongshu.com/explore/69b78d440000000023005860
